frame,time_s,distance_m,x,y,body_z,ground_z,yaw_rad,speed_mps,lateral_error_m,body_qw,body_qx,body_qy,body_qz,camera_x,camera_y,camera_z,camera_qw,camera_qx,camera_qy,camera_qz
0,0.0,0.00018491357371885897,5.152890682220285,47.18830108642628,-0.3977187107749331,-0.5577586816497195,-1.5707963610234383,0.3,1.1682220284470179e-05,-0.7071067690849304,0.0,0.0,0.7071067932881644,5.1528906668174415,46.738301086426276,0.682281289225067,1.2101617157933039e-08,1.2101617000923795e-08,0.7071067811865476,0.7071067811865474
1,0.1,0.024312874301330112,5.152851581573269,47.16417312569867,-0.3977512102074969,-0.5577586816497195,-1.5707963610234383,0.3,-2.741842673170829e-05,-0.7071067690849304,0.0,0.0,0.7071067932881644,5.152851566170425,46.714173125698665,0.6822487897925033,1.2101617157933039e-08,1.2101617000923795e-08,0.7071067811865476,0.7071067811865474
2,0.2,0.054284948853897674,5.152828216552526,47.1342010511461,-0.39772410499528527,-0.5577586816497195,-1.5707963610234383,0.3,-5.078344747478147e-05,-0.7071067690849304,0.0,0.0,0.7071067932881644,5.152828201149682,46.6842010511461,0.6822758950047149,1.2101617157933039e-08,1.2101617000923795e-08,0.7071067811865476,0.7071067811865474
3,0.3,0.08429899066561575,5.152842521665845,47.10418700933438,-0.3977307956166613,-0.5577586816497195,-1.5707963610234383,0.3,-3.64783341551041e-05,-0.7071067690849304,0.0,0.0,0.7071067932881644,5.152842506263002,46.65418700933438,0.6822692043833388,1.2101617157933039e-08,1.2101617000923795e-08,0.7071067811865476,0.7071067811865474
4,0.4,0.11427869647624789,5.152844905855023,47.07420730352375,-0.39774255263284325,-0.5577586816497195,-1.5707963610234383,0.3,-3.4094144977465995e-05,-0.7071067690849304,0.0,0.0,0.7071067932881644,5.1528448904521795,46.62420730352375,0.6822574473671569,1.2101617157933039e-08,1.2101617000923795e-08,0.7071067811865476,0.7071067811865474
5,0.5,0.1442965418090978,5.152851581573681,47.0441894581909,-0.3977389763541567,-0.5577586816497195,-1.5707963610234383,0.3,-2.741842631960085e-05,-0.7071067690849304,0.0,0.0,0.7071067932881644,5.152851566170837,46.5941894581909,0.6822610236458434,1.2101617157933039e-08,1.2101617000923795e-08,0.7071067811865476,0.7071067811865474
6,0.6,0.1742953211058449,5.15284776687551,47.01419067889415,-0.39775320696309685,-0.5577586816497195,-1.5707963610234383,0.3,-3.12331244902815e-05,-0.7071067690849304,0.0,0.0,0.7071067932881644,5.152847751472667,46.56419067889415,0.6822467930369033,1.2101617157933039e-08,1.2101617000923795e-08,0.7071067811865476,0.7071067811865474
7,0.7,0.20429791509978656,5.152842044828577,46.98418808490021,-0.3977327923722613,-0.5577586816497195,-1.5707963610234383,0.3,-3.695517142344869e-05,-0.7071067690849304,0.0,0.0,0.7071067932881644,5.1528420294257335,46.53418808490021,0.6822672076277388,1.2101617157933039e-08,1.2101617000923795e-08,0.7071067811865476,0.7071067811865474
8,0.8,0.23432339727762042,5.152844905853346,46.95416260272238,-0.397753758306061,-0.5577586816497195,-1.5707963610234383,0.3,-3.40941466543542e-05,-0.7071067690849304,0.0,0.0,0.7071067932881644,5.152844890450503,46.504162602722374,0.6822462416939391,1.2101617157933039e-08,1.2101617000923795e-08,0.7071067811865476,0.7071067811865474
9,0.9,0.26436415314516637,5.152832984925688,46.92412184685483,-0.39774526464418053,-0.5577586816497195,-1.5707963610234383,0.3,-4.601507431269367e-05,-0.7071067690849304,0.0,0.0,0.7071067932881644,5.152832969522844,46.47412184685483,0.6822547353558196,1.2101617157933039e-08,1.2101617000923795e-08,0.7071067811865476,0.7071067811865474
10,1.0,0.2943514883503582,5.152836322785282,46.89413451164964,-0.3977535943932879,-0.5577586816497195,-1.5707963610234383,0.3,-4.267721471864076e-05,-0.7071067690849304,0.0,0.0,0.7071067932881644,5.152836307382438,46.44413451164964,0.6822464056067122,1.2101617157933039e-08,1.2101617000923795e-08,0.7071067811865476,0.7071067811865474
11,1.1,0.32435789704230444,5.152852058410337,46.86412810295769,-0.3977227936931002,-0.5577586816497195,-1.5707963610234383,0.3,-2.694158966322956e-05,-0.7071067690849304,0.0,0.0,0.7071067932881644,5.152852043007494,46.41412810295769,0.6822772063068999,1.2101617157933039e-08,1.2101617000923795e-08,0.7071067811865476,0.7071067811865474
12,1.2,0.3543871939167005,5.152834415437173,46.8340988060833,-0.39774471330121636,-0.5577586816497195,-1.5707963610234383,0.3,-4.4584562827431666e-05,-0.7071067690849304,0.0,0.0,0.7071067932881644,5.15283440003433,46.384098806083294,0.6822552866987838,1.2101617157933039e-08,1.2101617000923795e-08,0.7071067811865476,0.7071067811865474
13,1.3,0.38434019684671483,5.152843952177361,46.80414580315328,-0.3977373968310702,-0.5577586816497195,-1.5707963610234383,0.3,-3.5047822639656887e-05,-0.7071067690849304,0.0,0.0,0.7071067932881644,5.152843936774517,46.35414580315328,0.68226260316893,1.2101617157933039e-08,1.2101617000923795e-08,0.7071067811865476,0.7071067811865474
14,1.4,0.41430082917064226,5.152835369108915,46.774185170829355,-0.3976954947657931,-0.5577586816497195,-1.5707963610234383,0.3,-4.363089108585833e-05,-0.7071067690849304,0.0,0.0,0.7071067932881644,5.152835353706071,46.32418517082935,0.682304505234207,1.2101617157933039e-08,1.2101617000923795e-08,0.7071067811865476,0.7071067811865474
15,1.5,0.4443720877166726,5.152867794036835,46.744113912283325,-0.39768732892945885,-0.5577586816497195,-1.5707963610234383,0.3,-1.1205963165422116e-05,-0.7071067690849304,0.0,0.0,0.7071067932881644,5.152867778633992,46.29411391228332,0.6823126710705413,1.2101617157933039e-08,1.2101617000923795e-08,0.7071067811865476,0.7071067811865474
16,1.6,0.47432509064542927,5.15284061431857,46.71416090935457,-0.39775371360257744,-0.5577586816497195,-1.5707963610234383,0.3,-3.838568143080385e-05,-0.7071067690849304,0.0,0.0,0.7071067932881644,5.152840598915726,46.264160909354565,0.6822462863974227,1.2101617157933039e-08,1.2101617000923795e-08,0.7071067811865476,0.7071067811865474
17,1.7,0.5043009519568429,5.152853965758879,46.684185048043155,-0.39769607591107964,-0.5577586816497195,-1.5707963610234383,0.3,-2.5034241121022276e-05,-0.7071067690849304,0.0,0.0,0.7071067932881644,5.152853950356036,46.23418504804315,0.6823039240889205,1.2101617157933039e-08,1.2101617000923795e-08,0.7071067811865476,0.7071067811865474
18,1.8,0.5342310667025316,5.15284204483137,46.654254933297466,-0.39775323676541924,-0.5577586816497195,-1.5707963610234383,0.3,-3.695516863014776e-05,-0.7071067690849304,0.0,0.0,0.7071067932881644,5.152842029428527,46.20425493329746,0.6822467632345809,1.2101617157933039e-08,1.2101617000923795e-08,0.7071067811865476,0.7071067811865474
19,1.9,0.5642298459993427,5.152840137481833,46.624256154000655,-0.39774526464418053,-0.5577586816497195,-1.5707963610234383,0.3,-3.886251816712774e-05,-0.7071067690849304,0.0,0.0,0.7071067932881644,5.15284012207899,46.17425615400065,0.6822547353558196,1.2101617157933039e-08,1.2101617000923795e-08,0.7071067811865476,0.7071067811865474
20,2.0,0.594255328177141,5.152842044828647,46.59423067182286,-0.39774182247594475,-0.5577586816497195,-1.5707963610234383,0.3,-3.695517135330648e-05,-0.7071067690849304,0.0,0.0,0.7071067932881644,5.152842029425804,46.144230671822854,0.6822581775240554,1.2101617157933039e-08,1.2101617000923795e-08,0.7071067811865476,0.7071067811865474
21,2.1,0.6242731809602944,5.1528406143192536,46.5642128190397,-0.3977378736682284,-0.5577586816497195,-1.5707963610234383,0.3,-3.838568074691565e-05,-0.7071067690849304,0.0,0.0,0.7071067932881644,5.15284059891641,46.1142128190397,0.6822621263317717,1.2101617157933039e-08,1.2101617000923795e-08,0.7071067811865476,0.7071067811865474
22,2.2,0.654264330862901,5.152848243713142,46.5342216691371,-0.3977414648480761,-0.5577586816497195,-1.5707963610234383,0.3,-3.0756286858708664e-05,-0.7071067690849304,0.0,0.0,0.7071067932881644,5.152848228310298,46.084221669137094,0.682258535151924,1.2101617157933039e-08,1.2101617000923795e-08,0.7071067811865476,0.7071067811865474
23,2.3,0.6842821836455357,5.152831554411047,46.50420381635446,-0.3977348636336672,-0.5577586816497195,-1.5707963610234383,0.3,-4.744558895368482e-05,-0.7071067690849304,0.0,0.0,0.7071067932881644,5.152831539008203,46.05420381635446,0.6822651363663329,1.2101617157933039e-08,1.2101617000923795e-08,0.7071067811865476,0.7071067811865474
24,2.4,0.7142962217320701,5.152849197388112,46.47418977826793,-0.397735847110306,-0.5577586816497195,-1.5707963610234383,0.3,-2.9802611888606773e-05,-0.7071067690849304,0.0,0.0,0.7071067932881644,5.152849181985268,46.024189778267925,0.6822641528896941,1.2101617157933039e-08,1.2101617000923795e-08,0.7071067811865476,0.7071067811865474
25,2.5,0.7443026304230855,5.15283775329515,46.44418336957691,-0.397731004232918,-0.5577586816497195,-1.5707963610234383,0.3,-4.12467048507737e-05,-0.7071067690849304,0.0,0.0,0.7071067932881644,5.152837737892306,45.99418336957691,0.6822689957670821,1.2101617157933039e-08,1.2101617000923795e-08,0.7071067811865476,0.7071067811865474
26,2.6,0.7742327451696696,5.152852058411342,46.41425325483033,-0.3977353553719866,-0.5577586816497195,-1.5707963610234383,0.3,-2.694158865872731e-05,-0.7071067690849304,0.0,0.0,0.7071067932881644,5.152852043008498,45.964253254830325,0.6822646446280135,1.2101617157933039e-08,1.2101617000923795e-08,0.7071067811865476,0.7071067811865474
27,2.7,0.8042238950717575,5.152844429016167,46.38426210492824,-0.3977433870978701,-0.5577586816497195,-1.5707963610234383,0.3,-3.45709838339085e-05,-0.7071067690849304,0.0,0.0,0.7071067932881644,5.152844413613323,45.93426210492824,0.68225661290213,1.2101617157933039e-08,1.2101617000923795e-08,0.7071067811865476,0.7071067811865474
28,2.8,0.8342417478554296,5.1528582572940165,46.35424425214457,-0.3977291117854464,-0.5577586816497195,-1.5707963610234383,0.3,-2.0742705984007083e-05,-0.7071067690849304,0.0,0.0,0.7071067932881644,5.152858241891173,45.904244252144565,0.6822708882145537,1.2101617157933039e-08,1.2101617000923795e-08,0.7071067811865476,0.7071067811865474
29,2.9,0.864278674124769,5.152852535247727,46.32420732587523,-0.3977238367743838,-0.5577586816497195,-1.5707963610234383,0.3,-2.6464752273244927e-05,-0.7071067690849304,0.0,0.0,0.7071067932881644,5.152852519844884,45.874207325875226,0.6822761632256163,1.2101617157933039e-08,1.2101617000923795e-08,0.7071067811865476,0.7071067811865474
30,3.0,0.8943003416053799,5.152856826782282,46.29418565839462,-0.3977431039758074,-0.5577586816497195,-1.5707963610234383,0.3,-2.217321771885641e-05,-0.7071067690849304,0.0,0.0,0.7071067932881644,5.152856811379438,45.844185658394615,0.6822568960241927,1.2101617157933039e-08,1.2101617000923795e-08,0.7071067811865476,0.7071067811865474
31,3.1,0.9242762327187961,5.1528606414794265,46.2642097672812,-0.3977531175561297,-0.5577586816497195,-1.5707963610234383,0.3,-1.8358520574025513e-05,-0.7071067690849304,0.0,0.0,0.7071067932881644,5.152860626076583,45.8142097672812,0.6822468824438704,1.2101617157933039e-08,1.2101617000923795e-08,0.7071067811865476,0.7071067811865474
32,3.2,0.9542406797407494,5.152874469757285,46.23424532025925,-0.39768710541204094,-0.5577586816497195,-1.5707963610234383,0.3,-4.530242715242304e-06,-0.7071067690849304,0.0,0.0,0.7071067932881644,5.152874454354442,45.784245320259245,0.6823128945879592,1.2101617157933039e-08,1.2101617000923795e-08,0.7071067811865476,0.7071067811865474
33,3.3,0.9842356443397549,5.152856826781657,46.20425035566024,-0.3977280985064852,-0.5577586816497195,-1.5707963610234383,0.3,-2.217321834325135e-05,-0.7071067690849304,0.0,0.0,0.7071067932881644,5.152856811378814,45.75425035566024,0.6822719014935149,1.2101617157933039e-08,1.2101617000923795e-08,0.7071067811865476,0.7071067811865474
34,3.4,1.014127612113768,5.152873516082672,46.17435838788623,-0.3976731728263247,-0.5577586816497195,-1.5707963610234383,0.3,-5.483917328303814e-06,-0.7071067690849304,0.0,0.0,0.7071067932881644,5.152873500679829,45.72435838788623,0.6823268271736754,1.2101617157933039e-08,1.2101617000923795e-08,0.7071067811865476,0.7071067811865474
35,3.5,1.0441416501989025,5.152850151062768,46.144344349801095,-0.39774517523721337,-0.5577586816497195,-1.5707963610234383,0.3,-2.8848937232936563e-05,-0.7071067690849304,0.0,0.0,0.7071067932881644,5.152850135659924,45.69434434980109,0.6822548247627868,1.2101617157933039e-08,1.2101617000923795e-08,0.7071067811865476,0.7071067811865474
36,3.6,1.074117541312333,5.152854442597071,46.114368458687665,-0.3977206032224047,-0.5577586816497195,-1.5707963610234383,0.3,-2.455740292990254e-05,-0.7071067690849304,0.0,0.0,0.7071067932881644,5.152854427194227,45.66436845868766,0.6822793967775954,1.2101617157933039e-08,1.2101617000923795e-08,0.7071067811865476,0.7071067811865474
37,3.7,1.1041048765172476,5.152849674224975,46.08438112348275,-0.39773917006925225,-0.5577586816497195,-1.5707963610234383,0.3,-2.9325775025302752e-05,-0.7071067690849304,0.0,0.0,0.7071067932881644,5.152849658822132,45.63438112348275,0.6822608299307479,1.2101617157933039e-08,1.2101617000923795e-08,0.7071067811865476,0.7071067811865474
38,3.8,1.1340807676304792,5.152848243711561,46.05440523236952,-0.3977414201445925,-0.5577586816497195,-1.5707963610234383,0.3,-3.075628843969563e-05,-0.7071067690849304,0.0,0.0,0.7071067932881644,5.152848228308717,45.604405232369515,0.6822585798554076,1.2101617157933039e-08,1.2101617000923795e-08,0.7071067811865476,0.7071067811865474
39,3.9,1.1640757322304438,5.152858734130087,46.024410267769554,-0.39774031745866417,-0.5577586816497195,-1.5707963610234383,0.3,-2.026586991384272e-05,-0.7071067690849304,0.0,0.0,0.7071067932881644,5.152858718727243,45.57441026776955,0.682259682541336,1.2101617157933039e-08,1.2101617000923795e-08,0.7071067811865476,0.7071067811865474
40,4.0,1.194093585013782,5.152862548827614,45.994392414986216,-0.3977274279542315,-0.5577586816497195,-1.5707963610234383,0.3,-1.645117238620692e-05,-0.7071067690849304,0.0,0.0,0.7071067932881644,5.152862533424771,45.54439241498621,0.6822725720457686,1.2101617157933039e-08,1.2101617000923795e-08,0.7071067811865476,0.7071067811865474
41,4.1,1.224126696585948,5.152859687804404,45.96435930341405,-0.39775204467252373,-0.5577586816497195,-1.5707963610234383,0.3,-1.9312195596551967e-05,-0.7071067690849304,0.0,0.0,0.7071067932881644,5.1528596724015605,45.51435930341405,0.6822479553274764,1.2101617157933039e-08,1.2101617000923795e-08,0.7071067811865476,0.7071067811865474
42,4.2,1.2540720701213957,5.152868270874175,45.9344139298786,-0.39768655406907677,-0.5577586816497195,-1.5707963610234383,0.3,-1.0729125825191995e-05,-0.7071067690849304,0.0,0.0,0.7071067932881644,5.152868255471332,45.4844139298786,0.6823134459309234,1.2101617157933039e-08,1.2101617000923795e-08,0.7071067811865476,0.7071067811865474
43,4.3,1.2840174436563458,5.152862071990223,45.90446855634365,-0.39774037706330895,-0.5577586816497195,-1.5707963610234383,0.3,-1.69280097771183e-05,-0.7071067690849304,0.0,0.0,0.7071067932881644,5.15286205658738,45.45446855634365,0.6822596229366912,1.2101617157933039e-08,1.2101617000923795e-08,0.7071067811865476,0.7071067811865474
44,4.4,1.3140238523475531,5.152856349944978,45.874462147652444,-0.3977355937905657,-0.5577586816497195,-1.5707963610234383,0.3,-2.26500550227465e-05,-0.7071067690849304,0.0,0.0,0.7071067932881644,5.152856334542134,45.42446214765244,0.6822644062094344,1.2101617157933039e-08,1.2101617000923795e-08,0.7071067811865476,0.7071067811865474
45,4.5,1.3440188169471483,5.152855873107046,45.84446718305285,-0.39773671137765526,-0.5577586816497195,-1.5707963610234383,0.3,-2.3126892954554864e-05,-0.7071067690849304,0.0,0.0,0.7071067932881644,5.1528558577042025,45.394467183052846,0.6822632886223449,1.2101617157933039e-08,1.2101617000923795e-08,0.7071067811865476,0.7071067811865474
46,4.6,1.3740023374548116,5.152851581574059,45.814483662545186,-0.397738842243706,-0.5577586816497195,-1.5707963610234383,0.3,-2.7418425941312143e-05,-0.7071067690849304,0.0,0.0,0.7071067932881644,5.152851566171216,45.36448366254518,0.6822611577562941,1.2101617157933039e-08,1.2101617000923795e-08,0.7071067811865476,0.7071067811865474
47,4.7,1.4040087461465447,5.152861118316057,45.78447725385345,-0.39774226951078057,-0.5577586816497195,-1.5707963610234383,0.3,-1.7881683943429744e-05,-0.7071067690849304,0.0,0.0,0.7071067932881644,5.152861102913214,45.33447725385345,0.6822577304892196,1.2101617157933039e-08,1.2101617000923795e-08,0.7071067811865476,0.7071067811865474
48,4.8,1.4340227842326456,5.152865886688032,45.75446321576735,-0.3977417032666552,-0.5577586816497195,-1.5707963610234383,0.3,-1.311331196882547e-05,-0.7071067690849304,0.0,0.0,0.7071067932881644,5.152865871285188,45.30446321576735,0.6822582967333449,1.2101617157933039e-08,1.2101617000923795e-08,0.7071067811865476,0.7071067811865474
49,4.9,1.4640024900429154,5.152857780456091,45.72448350995708,-0.39773264336064934,-0.5577586816497195,-1.5707963610234383,0.3,-2.1219543909634923e-05,-0.7071067690849304,0.0,0.0,0.7071067932881644,5.152857765053247,45.27448350995708,0.6822673566393508,1.2101617157933039e-08,1.2101617000923795e-08,0.7071067811865476,0.7071067811865474
50,5.0,1.4940165281299613,5.152890205383241,45.694469471870036,-0.39770917403176903,-0.5577586816497195,-1.5707963610234383,0.3,1.1205383240750599e-05,-0.7071067690849304,0.0,0.0,0.7071067932881644,5.152890189980398,45.24446947187003,0.6822908259682311,1.2101617157933039e-08,1.2101617000923795e-08,0.7071067811865476,0.7071067811865474
51,5.1,1.5239351987835548,5.152869701385456,45.66455080121644,-0.3977070729680407,-0.5577586816497195,-1.5707963610234383,0.3,-9.298614544222039e-06,-0.7071067690849304,0.0,0.0,0.7071067932881644,5.152869685982613,45.21455080121644,0.6822929270319594,1.2101617157933039e-08,1.2101617000923795e-08,0.7071067811865476,0.7071067811865474
52,5.2,1.5539644956580219,5.152853965759106,45.634521504341976,-0.3977387528367388,-0.5577586816497195,-1.5707963610234383,0.3,-2.503424089460105e-05,-0.7071067690849304,0.0,0.0,0.7071067932881644,5.1528539503562625,45.18452150434197,0.6822612471632613,1.2101617157933039e-08,1.2101617000923795e-08,0.7071067811865476,0.7071067811865474
53,5.3,1.5839861631388956,5.1528658866881925,45.6044998368611,-0.3977225105710375,-0.5577586816497195,-1.5707963610234383,0.3,-1.3113311808074358e-05,-0.7071067690849304,0.0,0.0,0.7071067932881644,5.152865871285349,45.1544998368611,0.6822774894289626,1.2101617157933039e-08,1.2101617000923795e-08,0.7071067811865476,0.7071067811865474
54,5.4,1.6139429807655716,5.152857780457034,45.574543019234426,-0.3977416436620104,-0.5577586816497195,-1.5707963610234383,0.3,-2.1219542966398623e-05,-0.7071067690849304,0.0,0.0,0.7071067932881644,5.152857765054191,45.12454301923442,0.6822583563379897,1.2101617157933039e-08,1.2101617000923795e-08,0.7071067811865476,0.7071067811865474
55,5.5,1.6439188718789026,5.152859210968388,45.544567128121095,-0.39774325298741936,-0.5577586816497195,-1.5707963610234383,0.3,-1.978903161258335e-05,-0.7071067690849304,0.0,0.0,0.7071067932881644,5.1528591955655445,45.09456712812109,0.6822567470125808,1.2101617157933039e-08,1.2101617000923795e-08,0.7071067811865476,0.7071067811865474
56,5.6,1.6739443540563101,5.152849674225225,45.51454164594369,-0.3977012764163363,-0.5577586816497195,-1.5707963610234383,0.3,-2.932577477575951e-05,-0.7071067690849304,0.0,0.0,0.7071067932881644,5.152849658822381,45.064541645943685,0.6822987235836638,1.2101617157933039e-08,1.2101617000923795e-08,0.7071067811865476,0.7071067811865474
57,5.7,1.7039736509317507,5.152862548828366,45.48451234906825,-0.3977498840041506,-0.5577586816497195,-1.5707963610234383,0.3,-1.64511716348392e-05,-0.7071067690849304,0.0,0.0,0.7071067932881644,5.152862533425522,45.034512349068244,0.6822501159958495,1.2101617157933039e-08,1.2101617000923795e-08,0.7071067811865476,0.7071067811865474
58,5.8,1.7339762449261542,5.152870178222772,45.45450975507384,-0.39775237249807,-0.5577586816497195,-1.5707963610234383,0.3,-8.821777228824195e-06,-0.7071067690849304,0.0,0.0,0.7071067932881644,5.152870162819928,45.00450975507384,0.6822476275019301,1.2101617157933039e-08,1.2101617000923795e-08,0.7071067811865476,0.7071067811865474
59,5.9,1.763872027396907,5.152871608734139,45.42461397260309,-0.3977458755917895,-0.5577586816497195,-1.5707963610234383,0.3,-7.391265861686239e-06,-0.7071067690849304,0.0,0.0,0.7071067932881644,5.152871593331295,44.97461397260309,0.6822541244082106,1.2101617157933039e-08,1.2101617000923795e-08,0.7071067811865476,0.7071067811865474
60,6.0,1.793878436088228,5.152869224548092,45.39460756391177,-0.3977359365172732,-0.5577586816497195,-1.5707963610234383,0.3,-9.775451908499087e-06,-0.7071067690849304,0.0,0.0,0.7071067932881644,5.152869209145249,44.94460756391177,0.682264063482727,1.2101617157933039e-08,1.2101617000923795e-08,0.7071067811865476,0.7071067811865474
61,6.1,1.8239001035689242,5.152875900268665,45.36458589643107,-0.39774204599336266,-0.5577586816497195,-1.5707963610234383,0.3,-3.099731335721272e-06,-0.7071067690849304,0.0,0.0,0.7071067932881644,5.152875884865821,44.91458589643107,0.6822579540066375,1.2101617157933039e-08,1.2101617000923795e-08,0.7071067811865476,0.7071067811865474
62,6.2,1.8538988828661616,5.152886390685923,45.334587117133836,-0.39775340067819237,-0.5577586816497195,-1.5707963610234383,0.3,7.3906859227010364e-06,-0.7071067690849304,0.0,0.0,0.7071067932881644,5.15288637528308,44.88458711713383,0.6822465993218078,1.2101617157933039e-08,1.2101617000923795e-08,0.7071067811865476,0.7071067811865474
63,6.3,1.8838518857958633,5.1528868675228345,45.304634114204134,-0.3977249990649569,-0.5577586816497195,-1.5707963610234383,0.3,7.867522833988727e-06,-0.7071067690849304,0.0,0.0,0.7071067932881644,5.152886852119991,44.85463411420413,0.6822750009350432,1.2101617157933039e-08,1.2101617000923795e-08,0.7071067811865476,0.7071067811865474
64,6.4,1.9138506650930154,5.152894973754528,45.27463533490698,-0.397735847110306,-0.5577586816497195,-1.5707963610234383,0.3,1.5973754527880908e-05,-0.7071067690849304,0.0,0.0,0.7071067932881644,5.152894958351685,44.82463533490698,0.6822641528896941,1.2101617157933039e-08,1.2101617000923795e-08,0.7071067811865476,0.7071067811865474
65,6.5,1.9438875913625324,5.152894496916979,45.244598408637465,-0.3977266381926882,-0.5577586816497195,-1.5707963610234383,0.3,1.5496916978877438e-05,-0.7071067690849304,0.0,0.0,0.7071067932881644,5.152894481514136,44.79459840863746,0.6822733618073119,1.2101617157933039e-08,1.2101617000923795e-08,0.7071067811865476,0.7071067811865474
66,6.6,1.973882555961879,5.152886867523494,45.21460344403812,-0.39774492191747307,-0.5577586816497195,-1.5707963610234383,0.3,7.867523493011602e-06,-0.7071067690849304,0.0,0.0,0.7071067932881644,5.15288685212065,44.764603444038116,0.6822550780825271,1.2101617157933039e-08,1.2101617000923795e-08,0.7071067811865476,0.7071067811865474
67,6.7,2.0038394927990524,5.152914047242039,45.184646507200945,-0.3977269809193957,-0.5577586816497195,-1.5707963610234383,0.3,3.5047242038165875e-05,-0.7071067690849304,0.0,0.0,0.7071067932881644,5.152914031839195,44.73464650720094,0.6822730190806044,1.2101617157933039e-08,1.2101617000923795e-08,0.7071067811865476,0.7071067811865474
68,6.8,2.0338153839120707,5.152906417847387,45.15467061608793,-0.39775296854451775,-0.5577586816497195,-1.5707963610234383,0.3,2.7417847386121774e-05,-0.7071067690849304,0.0,0.0,0.7071067932881644,5.152906402444543,44.704670616087924,0.6822470314554824,1.2101617157933039e-08,1.2101617000923795e-08,0.7071067811865476,0.7071067811865474
69,6.9,2.063741683961048,5.152910709379749,45.12474431603895,-0.3977366368718493,-0.5577586816497195,-1.5707963610234383,0.3,3.170937974848595e-05,-0.7071067690849304,0.0,0.0,0.7071067932881644,5.152910693976906,44.67474431603895,0.6822633631281508,1.2101617157933039e-08,1.2101617000923795e-08,0.7071067811865476,0.7071067811865474
70,7.0,2.093744277955267,5.152913093568142,45.09474172204473,-0.3977330307908404,-0.5577586816497195,-1.5707963610234383,0.3,3.409356814186251e-05,-0.7071067690849304,0.0,0.0,0.7071067932881644,5.152913078165299,44.64474172204473,0.6822669692091597,1.2101617157933039e-08,1.2101617000923795e-08,0.7071067811865476,0.7071067811865474
71,7.1,2.1237316131601816,5.152908325196048,45.064754386839816,-0.39773598122075676,-0.5577586816497195,-1.5707963610234383,0.3,2.9325196047350477e-05,-0.7071067690849304,0.0,0.0,0.7071067932881644,5.1529083097932045,44.61475438683981,0.6822640187792434,1.2101617157933039e-08,1.2101617000923795e-08,0.7071067811865476,0.7071067811865474
72,7.2,2.1537456512466946,5.152925014495159,45.0347403487533,-0.39774299966767906,-0.5577586816497195,-1.5707963610234383,0.3,4.601449515804347e-05,-0.7071067690849304,0.0,0.0,0.7071067932881644,5.152924999092315,44.5847403487533,0.6822570003323211,1.2101617157933039e-08,1.2101617000923795e-08,0.7071067811865476,0.7071067811865474
73,7.3,2.1837253570573196,5.152927398680697,45.00476064294268,-0.3977482597775805,-0.5577586816497195,-1.5707963610234383,0.3,4.839868069681459e-05,-0.7071067690849304,0.0,0.0,0.7071067932881644,5.152927383277854,44.554760642942675,0.6822517402224196,1.2101617157933039e-08,1.2101617000923795e-08,0.7071067811865476,0.7071067811865474
74,7.4,2.2137241363543083,5.152930736543539,44.97476186364569,-0.39774687396958947,-0.5577586816497195,-1.5707963610234383,0.3,5.17365435380478e-05,-0.7071067690849304,0.0,0.0,0.7071067932881644,5.152930721140695,44.524761863645686,0.6822531260304107,1.2101617157933039e-08,1.2101617000923795e-08,0.7071067811865476,0.7071067811865474
75,7.5,2.2437114715593083,5.152928352357235,44.94477452844069,-0.39773212182000756,-0.5577586816497195,-1.5707963610234383,0.3,4.935235723455139e-05,-0.7071067690849304,0.0,0.0,0.7071067932881644,5.152928336954392,44.494774528440686,0.6822678781799926,1.2101617157933039e-08,1.2101617000923795e-08,0.7071067811865476,0.7071067811865474
76,7.6,2.2736530303971847,5.152927875517493,44.91483296960281,-0.39773993002847313,-0.5577586816497195,-1.5707963610234383,0.3,4.8875517492635416e-05,-0.7071067690849304,0.0,0.0,0.7071067932881644,5.15292786011465,44.46483296960281,0.682260069971527,1.2101617157933039e-08,1.2101617000923795e-08,0.7071067811865476,0.7071067811865474
77,7.7,2.30364418029923,5.15291929245164,44.88484181970077,-0.3977387379355776,-0.5577586816497195,-1.5707963610234383,0.3,4.029245163902678e-05,-0.7071067690849304,0.0,0.0,0.7071067932881644,5.152919277048796,44.434841819700765,0.6822612620644225,1.2101617157933039e-08,1.2101617000923795e-08,0.7071067811865476,0.7071067811865474
78,7.8,2.3336658477802246,5.152934551239015,44.85482015221977,-0.397741151923691,-0.5577586816497195,-1.5707963610234383,0.3,5.555123901398594e-05,-0.7071067690849304,0.0,0.0,0.7071067932881644,5.152934535836171,44.40482015221977,0.6822588480763091,1.2101617157933039e-08,1.2101617000923795e-08,0.7071067811865476,0.7071067811865474
79,7.9,2.3636646270772133,5.152937889098218,44.824821372922784,-0.3977475594230044,-0.5577586816497195,-1.5707963610234383,0.3,5.888909821724035e-05,-0.7071067690849304,0.0,0.0,0.7071067932881644,5.152937873695374,44.37482137292278,0.6822524405769957,1.2101617157933039e-08,1.2101617000923795e-08,0.7071067811865476,0.7071067811865474
80,8.0,2.3936290740984205,5.152929782866798,44.79485692590158,-0.3977289031691897,-0.5577586816497195,-1.5707963610234383,0.3,5.078286679779163e-05,-0.7071067690849304,0.0,0.0,0.7071067932881644,5.152929767463955,44.344856925901574,0.6822710968308104,1.2101617157933039e-08,1.2101617000923795e-08,0.7071067811865476,0.7071067811865474
81,8.1,2.423643112184223,5.152925968171744,44.764842887815774,-0.3977031837649691,-0.5577586816497195,-1.5707963610234383,0.3,4.6968171743729056e-05,-0.7071067690849304,0.0,0.0,0.7071067932881644,5.152925952768901,44.31484288781577,0.682296816235031,1.2101617157933039e-08,1.2101617000923795e-08,0.7071067811865476,0.7071067811865474
82,8.2,2.453660964967966,5.152941703796408,44.73482503503203,-0.3976842592902529,-0.5577586816497195,-1.5707963610234383,0.3,6.270379640745357e-05,-0.7071067690849304,0.0,0.0,0.7071067932881644,5.152941688393565,44.28482503503203,0.6823157407097472,1.2101617157933039e-08,1.2101617000923795e-08,0.7071067811865476,0.7071067811865474
83,8.3,2.483640670778499,5.152941226958998,44.7048453292215,-0.3977499287076342,-0.5577586816497195,-1.5707963610234383,0.3,6.222695899700595e-05,-0.7071067690849304,0.0,0.0,0.7071067932881644,5.152941211556154,44.254845329221496,0.6822500712923659,1.2101617157933039e-08,1.2101617000923795e-08,0.7071067811865476,0.7071067811865474
84,8.4,2.513597488405466,5.152941703796688,44.67488851159453,-0.3977385591216433,-0.5577586816497195,-1.5707963610234383,0.3,6.27037966872261e-05,-0.7071067690849304,0.0,0.0,0.7071067932881644,5.152941688393844,44.22488851159453,0.6822614408783568,1.2101617157933039e-08,1.2101617000923795e-08,0.7071067811865476,0.7071067811865474
85,8.5,2.543634414675701,5.152962207792281,44.6448515853243,-0.39771108138040184,-0.5577586816497195,-1.5707963610234383,0.3,8.320779228017073e-05,-0.7071067690849304,0.0,0.0,0.7071067932881644,5.152962192389437,44.194851585324294,0.6822889186195983,1.2101617157933039e-08,1.2101617000923795e-08,0.7071067811865476,0.7071067811865474
86,8.6,2.573625564577682,5.152951717374156,44.614860435422315,-0.39770890581086754,-0.5577586816497195,-1.5707963610234383,0.3,7.27173741557708e-05,-0.7071067690849304,0.0,0.0,0.7071067932881644,5.152951701971313,44.16486043542231,0.6822910941891326,1.2101617157933039e-08,1.2101617000923795e-08,0.7071067811865476,0.7071067811865474
87,8.7,2.603628158571645,5.152946472164381,44.58485784142835,-0.39770379471257805,-0.5577586816497195,-1.5707963610234383,0.3,6.747216438080672e-05,-0.7071067690849304,0.0,0.0,0.7071067932881644,5.152946456761538,44.13485784142835,0.6822962052874221,1.2101617157933039e-08,1.2101617000923795e-08,0.7071067811865476,0.7071067811865474
88,8.8,2.6335926055930656,5.1529445648160195,44.55489339440693,-0.3977240006871569,-0.5577586816497195,-1.5707963610234383,0.3,6.55648160188868e-05,-0.7071067690849304,0.0,0.0,0.7071067932881644,5.152944549413176,44.10489339440693,0.6822759993128432,1.2101617157933039e-08,1.2101617000923795e-08,0.7071067811865476,0.7071067811865474
89,8.9,2.663576126101077,5.152950286868812,44.52490987389892,-0.39773402916864037,-0.5577586816497195,-1.5707963610234383,0.3,7.128686881136337e-05,-0.7071067690849304,0.0,0.0,0.7071067932881644,5.1529502714659685,44.07490987389892,0.6822659708313598,1.2101617157933039e-08,1.2101617000923795e-08,0.7071067811865476,0.7071067811865474
90,9.0,2.6935596466090317,5.152954578402853,44.494926353390966,-0.3977535645909655,-0.5577586816497195,-1.5707963610234383,0.3,7.557840285238475e-05,-0.7071067690849304,0.0,0.0,0.7071067932881644,5.1529545630000095,44.04492635339096,0.6822464354090346,1.2101617157933039e-08,1.2101617000923795e-08,0.7071067811865476,0.7071067811865474
91,9.1,2.723546981814586,5.152968406679928,44.46493901818541,-0.39770547854379296,-0.5577586816497195,-1.5707963610234383,0.3,8.94066799277946e-05,-0.7071067690849304,0.0,0.0,0.7071067932881644,5.152968391277085,44.01493901818541,0.6822945214562072,1.2101617157933039e-08,1.2101617000923795e-08,0.7071067811865476,0.7071067811865474
92,9.2,2.753438949591839,5.1530799865776995,44.43504705040816,-0.3976073245950091,-0.5577586816497195,-1.5707963610234383,0.3,0.00020098657769890076,-0.7071067690849304,0.0,0.0,0.7071067932881644,5.153079971174856,43.985047050408156,0.682392675404991,1.2101617157933039e-08,1.2101617000923795e-08,0.7071067811865476,0.7071067811865474
93,9.3,2.783449172976546,5.152964115139684,44.40503682702345,-0.3977535496898043,-0.5577586816497195,-1.5707963610234383,0.3,8.511513968372962e-05,-0.7071067690849304,0.0,0.0,0.7071067932881644,5.152964099736841,43.95503682702345,0.6822464503101958,1.2101617157933039e-08,1.2101617000923795e-08,0.7071067811865476,0.7071067811865474
94,9.4,2.813474655154039,5.152956962587768,44.37501134484596,-0.3977313320584643,-0.5577586816497195,-1.5707963610234383,0.3,7.796258776764911e-05,-0.7071067690849304,0.0,0.0,0.7071067932881644,5.152956947184925,43.925011344845956,0.6822686679415358,1.2101617157933039e-08,1.2101617000923795e-08,0.7071067811865476,0.7071067811865474
95,9.5,2.843523025515907,5.1529726982113875,44.34496297448409,-0.39771106647924065,-0.5577586816497195,-1.5707963610234383,0.3,9.369821138687581e-05,-0.7071067690849304,0.0,0.0,0.7071067932881644,5.152972682808544,43.89496297448409,0.6822889335207595,1.2101617157933039e-08,1.2101617000923795e-08,0.7071067811865476,0.7071067811865474
96,9.6,2.8734989166292166,5.152973651885583,44.31498708337078,-0.39775007771924614,-0.5577586816497195,-1.5707963610234383,0.3,9.465188558248796e-05,-0.7071067690849304,0.0,0.0,0.7071067932881644,5.15297363648274,43.86498708337078,0.682249922280754,1.2101617157933039e-08,1.2101617000923795e-08,0.7071067811865476,0.7071067811865474
97,9.7,2.903512954715545,5.152985095975953,44.28497304528445,-0.3977378140635836,-0.5577586816497195,-1.5707963610234383,0.3,0.00010609597595205839,-0.7071067690849304,0.0,0.0,0.7071067932881644,5.152985080573109,43.83497304528445,0.6822621859364165,1.2101617157933039e-08,1.2101617000923795e-08,0.7071067811865476,0.7071067811865474
98,9.8,2.9335231781039397,5.152976989742967,44.25496282189606,-0.3977531473584521,-0.5577586816497195,-1.5707963610234383,0.3,9.798974296675112e-05,-0.7071067690849304,0.0,0.0,0.7071067932881644,5.152976974340124,43.804962821896055,0.682246852641548,1.2101617157933039e-08,1.2101617000923795e-08,0.7071067811865476,0.7071067811865474
99,9.9,2.9635219574011913,5.152987957003978,44.224964042598806,-0.39773843991235375,-0.5577586816497195,-1.5707963610234383,0.3,0.00010895700397721314,-0.7071067690849304,0.0,0.0,0.7071067932881644,5.152987941601134,43.7749640425988,0.6822615600876464,1.2101617157933039e-08,1.2101617000923795e-08,0.7071067811865476,0.7071067811865474
100,10.0,2.9935169220008504,5.152989387514678,44.19496907799915,-0.39773189830258965,-0.5577586816497195,-1.5707963610234383,0.3,0.0001103875146773291,-0.7071067690849304,0.0,0.0,0.7071067932881644,5.1529893721118345,43.744969077999144,0.6822681016974105,1.2101617157933039e-08,1.2101617000923795e-08,0.7071067811865476,0.7071067811865474
101,10.1,3.0234317779581943,5.152998447415376,44.1650542220418,-0.3977528195329058,-0.5577586816497195,-1.5707963610234383,0.3,0.00011944741537543241,-0.7071067690849304,0.0,0.0,0.7071067932881644,5.152998432012533,43.7150542220418,0.6822471804670943,1.2101617157933039e-08,1.2101617000923795e-08,0.7071067811865476,0.7071067811865474
102,10.2,3.0534458160437836,5.152988433840903,44.135040183956214,-0.3977283816285479,-0.5577586816497195,-1.5707963610234383,0.3,0.00010943384090270801,-0.7071067690849304,0.0,0.0,0.7071067932881644,5.15298841843806,43.68504018395621,0.6822716183714522,1.2101617157933039e-08,1.2101617000923795e-08,0.7071067811865476,0.7071067811865474
103,10.3,3.083444595340822,5.152993202211581,44.105041404659175,-0.3977446238942492,-0.5577586816497195,-1.5707963610234383,0.3,0.0001142022115805718,-0.7071067690849304,0.0,0.0,0.7071067932881644,5.152993186808738,43.65504140465917,0.6822553761057509,1.2101617157933039e-08,1.2101617000923795e-08,0.7071067811865476,0.7071067811865474
104,10.4,3.1134243011510634,5.152984142305323,44.075061698848934,-0.3977417330689776,-0.5577586816497195,-1.5707963610234383,0.3,0.00010514230532246791,-0.7071067690849304,0.0,0.0,0.7071067932881644,5.15298412690248,43.62506169884893,0.6822582669310225,1.2101617157933039e-08,1.2101617000923795e-08,0.7071067811865476,0.7071067811865474
105,10.5,3.1433773040812554,5.15299892425789,44.04510869591874,-0.39774279105142235,-0.5577586816497195,-1.5707963610234383,0.3,0.00011992425788934406,-0.7071067690849304,0.0,0.0,0.7071067932881644,5.1529989088550465,43.59510869591874,0.6822572089485778,1.2101617157933039e-08,1.2101617000923795e-08,0.7071067811865476,0.7071067811865474
106,10.6,3.173402786259139,5.15300321578322,44.01508321374086,-0.39773791837171196,-0.5577586816497195,-1.5707963610234383,0.3,0.0001242157832191115,-0.7071067690849304,0.0,0.0,0.7071067932881644,5.153003200380376,43.565083213740856,0.6822620816282882,1.2101617157933039e-08,1.2101617000923795e-08,0.7071067811865476,0.7071067811865474
107,10.7,3.20337867737247,5.153004646301849,43.98510732262753,-0.3977288584657061,-0.5577586816497195,-1.5707963610234383,0.3,0.0001256463018479962,-0.7071067690849304,0.0,0.0,0.7071067932881644,5.153004630899005,43.535107322627525,0.682271141534294,1.2101617157933039e-08,1.2101617000923795e-08,0.7071067811865476,0.7071067811865474
108,10.8,3.2333965301559786,5.1530137062135735,43.95508946984402,-0.39774639713243126,-0.5577586816497195,-1.5707963610234383,0.3,0.0001347062135728346,-0.7071067690849304,0.0,0.0,0.7071067932881644,5.15301369081073,43.505089469844016,0.6822536028675689,1.2101617157933039e-08,1.2101617000923795e-08,0.7071067811865476,0.7071067811865474
109,10.9,3.263326644902236,5.1530184745793255,43.92515935509776,-0.39774110722020745,-0.5577586816497195,-1.5707963610234383,0.3,0.00013947457932486087,-0.7071067690849304,0.0,0.0,0.7071067932881644,5.153018459176482,43.47515935509776,0.6822588927797927,1.2101617157933039e-08,1.2101617000923795e-08,0.7071067811865476,0.7071067811865474
110,11.0,3.293336868290922,5.153018951422464,43.895149131709076,-0.39775267052129387,-0.5577586816497195,-1.5707963610234383,0.3,0.00013995142246316745,-0.7071067690849304,0.0,0.0,0.7071067932881644,5.15301893601962,43.44514913170907,0.6822473294787063,1.2101617157933039e-08,1.2101617000923795e-08,0.7071067811865476,0.7071067811865474
111,11.1,3.3233051300093805,5.15301036834648,43.86518086999062,-0.39771586465314507,-0.5577586816497195,-1.5707963610234383,0.3,0.00013136834647899576,-0.7071067690849304,0.0,0.0,0.7071067932881644,5.153010352943636,43.415180869990614,0.6822841353468551,1.2101617157933039e-08,1.2101617000923795e-08,0.7071067811865476,0.7071067811865474
112,11.2,3.3533306121874773,5.153020858769418,43.83515538781252,-0.3977535049863207,-0.5577586816497195,-1.5707963610234383,0.3,0.00014185876941731908,-0.7071067690849304,0.0,0.0,0.7071067932881644,5.1530208433665745,43.38515538781252,0.6822464950136794,1.2101617157933039e-08,1.2101617000923795e-08,0.7071067811865476,0.7071067811865474
113,11.3,3.383302688603493,5.153020858762152,43.805183311396505,-0.3977196346469271,-0.5577586816497195,-1.5707963610234383,0.3,0.00014185876215112958,-0.7071067690849304,0.0,0.0,0.7071067932881644,5.153020843359308,43.3551833113965,0.682280365353073,1.2101617157933039e-08,1.2101617000923795e-08,0.7071067811865476,0.7071067811865474
114,11.4,3.4133014679006735,5.1530299186745285,43.775184532099324,-0.39774493681863426,-0.5577586816497195,-1.5707963610234383,0.3,0.00015091867452789092,-0.7071067690849304,0.0,0.0,0.7071067932881644,5.153029903271685,43.32518453209932,0.6822550631813659,1.2101617157933039e-08,1.2101617000923795e-08,0.7071067811865476,0.7071067811865474
115,11.5,3.443292617803202,5.15303516387535,43.745193382196796,-0.3977366368718493,-0.5577586816497195,-1.5707963610234383,0.3,0.00015616387534912466,-0.7071067690849304,0.0,0.0,0.7071067932881644,5.153035148472506,43.29519338219679,0.6822633631281508,1.2101617157933039e-08,1.2101617000923795e-08,0.7071067811865476,0.7071067811865474
116,11.6,3.4732875824026763,5.1530313491845865,43.71519841759732,-0.39774523484185814,-0.5577586816497195,-1.5707963610234383,0.3,0.00015234918458585206,-0.7071067690849304,0.0,0.0,0.7071067932881644,5.153031333781743,43.26519841759732,0.682254765158142,1.2101617157933039e-08,1.2101617000923795e-08,0.7071067811865476,0.7071067811865474
117,11.7,3.5032291412411567,5.15304851531606,43.68525685875884,-0.39771924721673607,-0.5577586816497195,-1.5707963610234383,0.3,0.00016951531605947288,-0.7071067690849304,0.0,0.0,0.7071067932881644,5.153048499913217,43.23525685875884,0.682280752783264,1.2101617157933039e-08,1.2101617000923795e-08,0.7071067811865476,0.7071067811865474
118,11.8,3.533193588262314,5.153038978580442,43.65529241173768,-0.3977373223252642,-0.5577586816497195,-1.5707963610234383,0.3,0.0001599785804413724,-0.7071067690849304,0.0,0.0,0.7071067932881644,5.153038963177599,43.20529241173768,0.6822626776747359,1.2101617157933039e-08,1.2101617000923795e-08,0.7071067811865476,0.7071067811865474
119,11.9,3.5631999969536565,5.153037071223368,43.62528600304634,-0.3977242540068972,-0.5577586816497195,-1.5707963610234383,0.3,0.00015807122336731035,-0.7071067690849304,0.0,0.0,0.7071067932881644,5.1530370558205245,43.17528600304634,0.6822757459931029,1.2101617157933039e-08,1.2101617000923795e-08,0.7071067811865476,0.7071067811865474
120,12.0,3.5931949615533796,5.153040409089978,43.59529103844662,-0.39773143636659264,-0.5577586816497195,-1.5707963610234383,0.3,0.00016140908997708462,-0.7071067690849304,0.0,0.0,0.7071067932881644,5.153040393687134,43.145291038446615,0.6822685636334075,1.2101617157933039e-08,1.2101617000923795e-08,0.7071067811865476,0.7071067811865474
121,12.1,3.623186111455915,5.153046131127956,43.56529988854408,-0.3977303038783419,-0.5577586816497195,-1.5707963610234383,0.3,0.0001671311279556333,-0.7071067690849304,0.0,0.0,0.7071067932881644,5.153046115725113,43.11529988854408,0.6822696961216582,1.2101617157933039e-08,1.2101617000923795e-08,0.7071067811865476,0.7071067811865474
122,12.2,3.6531810760553824,5.153041839600035,43.535304923944615,-0.39773821639493584,-0.5577586816497195,-1.5707963610234383,0.3,0.00016283960003415755,-0.7071067690849304,0.0,0.0,0.7071067932881644,5.153041824197191,43.08530492394461,0.6822617836050643,1.2101617157933039e-08,1.2101617000923795e-08,0.7071067811865476,0.7071067811865474
123,12.3,3.683176040656086,5.153073787696137,43.50530995934391,-0.39772772597745537,-0.5577586816497195,-1.5707963610234383,0.3,0.0001947876961361193,-0.7071067690849304,0.0,0.0,0.7071067932881644,5.153073772293293,43.05530995934391,0.6822722740225448,1.2101617157933039e-08,1.2101617000923795e-08,0.7071067811865476,0.7071067811865474
124,12.4,3.7131938934387136,5.153057098386766,43.475292106561284,-0.39775103139356255,-0.5577586816497195,-1.5707963610234383,0.3,0.00017809838676518554,-0.7071067690849304,0.0,0.0,0.7071067932881644,5.153057082983922,43.02529210656128,0.6822489686064376,1.2101617157933039e-08,1.2101617000923795e-08,0.7071067811865476,0.7071067811865474
125,12.5,3.7432041168271724,5.153050899509689,43.445281883172825,-0.39773210691884636,-0.5577586816497195,-1.5707963610234383,0.3,0.00017189950968864837,-0.7071067690849304,0.0,0.0,0.7071067932881644,5.153050884106846,42.99528188317282,0.6822678930811538,1.2101617157933039e-08,1.2101617000923795e-08,0.7071067811865476,0.7071067811865474
126,12.6,3.7731685638490475,5.153062343594481,43.41531743615095,-0.3977458457894671,-0.5577586816497195,-1.5707963610234383,0.3,0.00018334359448045833,-0.7071067690849304,0.0,0.0,0.7071067932881644,5.153062328191638,42.96531743615095,0.682254154210533,1.2101617157933039e-08,1.2101617000923795e-08,0.7071067811865476,0.7071067811865474
127,12.7,3.803167343146008,5.153064727786644,43.38531865685399,-0.3977527897305834,-0.5577586816497195,-1.5707963610234383,0.3,0.0001857277866432641,-0.7071067690849304,0.0,0.0,0.7071067932881644,5.1530647123838005,42.93531865685399,0.6822472102694167,1.2101617157933039e-08,1.2101617000923795e-08,0.7071067811865476,0.7071067811865474
128,12.8,3.8331851959290475,5.153059959406228,43.35530080407095,-0.3977443258710253,-0.5577586816497195,-1.5707963610234383,0.3,0.00018095940622740847,-0.7071067690849304,0.0,0.0,0.7071067932881644,5.153059944003385,42.90530080407095,0.6822556741289748,1.2101617157933039e-08,1.2101617000923795e-08,0.7071067811865476,0.7071067811865474
129,12.9,3.863138198858799,5.153061866762799,43.3253478011412,-0.39773912536576866,-0.5577586816497195,-1.5707963610234383,0.3,0.00018286676279875784,-0.7071067690849304,0.0,0.0,0.7071067932881644,5.153061851359956,42.875347801141196,0.6822608746342315,1.2101617157933039e-08,1.2101617000923795e-08,0.7071067811865476,0.7071067811865474
130,13.0,3.8931446075506457,5.15307474135763,43.29534139244935,-0.3977150003857958,-0.5577586816497195,-1.5707963610234383,0.3,0.00019574135762899267,-0.7071067690849304,0.0,0.0,0.7071067932881644,5.153074725954786,42.84534139244935,0.6822849996142043,1.2101617157933039e-08,1.2101617000923795e-08,0.7071067811865476,0.7071067811865474
131,13.1,3.923131942755397,5.153065204621228,43.2653540572446,-0.39770114230588555,-0.5577586816497195,-1.5707963610234383,0.3,0.00018620462122751882,-0.7071067690849304,0.0,0.0,0.7071067932881644,5.153065189218385,42.8153540572446,0.6822988576941146,1.2101617157933039e-08,1.2101617000923795e-08,0.7071067811865476,0.7071067811865474
132,13.2,3.9531307220525207,5.153072357184973,43.23535527794748,-0.3977298717446673,-0.5577586816497195,-1.5707963610234383,0.3,0.00019335718497235586,-0.7071067690849304,0.0,0.0,0.7071067932881644,5.15307234178213,42.785355277947474,0.6822701282553328,1.2101617157933039e-08,1.2101617000923795e-08,0.7071067811865476,0.7071067811865474
133,13.3,3.983140945441157,5.153071403502085,43.20534505455884,-0.39774641203359246,-0.5577586816497195,-1.5707963610234383,0.3,0.00019240350208413784,-0.7071067690849304,0.0,0.0,0.7071067932881644,5.153071388099241,42.75534505455884,0.6822535879664077,1.2101617157933039e-08,1.2101617000923795e-08,0.7071067811865476,0.7071067811865474
134,13.4,4.013082504279588,5.153087139136636,43.17540349572041,-0.3977402876563418,-0.5577586816497195,-1.5707963610234383,0.3,0.00020813913663506452,-0.7071067690849304,0.0,0.0,0.7071067932881644,5.153087123733792,42.72540349572041,0.6822597123436583,1.2101617157933039e-08,1.2101617000923795e-08,0.7071067811865476,0.7071067811865474
135,13.5,4.0430889129708945,5.153084278105244,43.1453970870291,-0.39775441395715355,-0.5577586816497195,-1.5707963610234383,0.3,0.00020527810524370804,-0.7071067690849304,0.0,0.0,0.7071067932881644,5.153084262702401,42.6953970870291,0.6822455860428466,1.2101617157933039e-08,1.2101617000923795e-08,0.7071067811865476,0.7071067811865474
136,13.6,4.073110580451427,5.153086185459466,43.11537541954857,-0.3977355937905657,-0.5577586816497195,-1.5707963610234383,0.3,0.00020718545946493735,-0.7071067690849304,0.0,0.0,0.7071067932881644,5.153086170056622,42.66537541954857,0.6822644062094344,1.2101617157933039e-08,1.2101617000923795e-08,0.7071067811865476,0.7071067811865474
137,13.7,4.103094100959865,5.1531043052638195,43.08539189904013,-0.3977315853782046,-0.5577586816497195,-1.5707963610234383,0.3,0.00022530526381877992,-0.7071067690849304,0.0,0.0,0.7071067932881644,5.153104289860976,42.63539189904013,0.6822684146217955,1.2101617157933039e-08,1.2101617000923795e-08,0.7071067811865476,0.7071067811865474
138,13.8,4.133054733283721,5.1530938148540155,43.055431266716276,-0.3977533410735476,-0.5577586816497195,-1.5707963610234383,0.3,0.0002148148540148354,-0.7071067690849304,0.0,0.0,0.7071067932881644,5.153093799451172,42.60543126671627,0.6822466589264525,1.2101617157933039e-08,1.2101617000923795e-08,0.7071067811865476,0.7071067811865474
139,13.9,4.16304588318615,5.1530961990318875,43.02544011681385,-0.3977063130088198,-0.5577586816497195,-1.5707963610234383,0.3,0.0002171990318868504,-0.7071067690849304,0.0,0.0,0.7071067932881644,5.153096183629044,42.575440116813844,0.6822936869911803,1.2101617157933039e-08,1.2101617000923795e-08,0.7071067811865476,0.7071067811865474
140,14.0,4.193033218391321,5.1530990600616,42.99545278160868,-0.3977303187795031,-0.5577586816497195,-1.5707963610234383,0.3,0.000220060061599546,-0.7071067690849304,0.0,0.0,0.7071067932881644,5.153099044658757,42.545452781608674,0.682269681220497,1.2101617157933039e-08,1.2101617000923795e-08,0.7071067811865476,0.7071067811865474
141,14.1,4.223073959358054,5.15309715270335,42.965412040641944,-0.39775223838761925,-0.5577586816497195,-1.5707963610234383,0.3,0.00021815270334953573,-0.7071067690849304,0.0,0.0,0.7071067932881644,5.153097137300507,42.51541204064194,0.6822477616123809,1.2101617157933039e-08,1.2101617000923795e-08,0.7071067811865476,0.7071067811865474
142,14.2,4.253076553352699,5.153111934661496,42.9354094466473,-0.3977261464543688,-0.5577586816497195,-1.5707963610234383,0.3,0.0002329346614950605,-0.7071067690849304,0.0,0.0,0.7071067932881644,5.153111919258652,42.485409446647296,0.6822738535456313,1.2101617157933039e-08,1.2101617000923795e-08,0.7071067811865476,0.7071067811865474
143,14.3,4.283044815071243,5.153105735785855,42.905441184928755,-0.39775347518399834,-0.5577586816497195,-1.5707963610234383,0.3,0.00022673578585470785,-0.7071067690849304,0.0,0.0,0.7071067932881644,5.153105720383012,42.45544118492875,0.6822465248160018,1.2101617157933039e-08,1.2101617000923795e-08,0.7071067811865476,0.7071067811865474
144,14.4,4.312994003303466,5.153100013733474,42.87549199669653,-0.39773815679029106,-0.5577586816497195,-1.5707963610234383,0.3,0.00022101373347345425,-0.7071067690849304,0.0,0.0,0.7071067932881644,5.153099998330631,42.42549199669653,0.6822618432097091,1.2101617157933039e-08,1.2101617000923795e-08,0.7071067811865476,0.7071067811865474
145,14.5,4.342988967903025,5.153098583228501,42.84549703209697,-0.39772660839036583,-0.5577586816497195,-1.5707963610234383,0.3,0.00021958322850030906,-0.7071067690849304,0.0,0.0,0.7071067932881644,5.153098567825658,42.39549703209697,0.6822733916096343,1.2101617157933039e-08,1.2101617000923795e-08,0.7071067811865476,0.7071067811865474
146,14.6,4.372980117805923,5.153114795683961,42.815505882194074,-0.39773848461583733,-0.5577586816497195,-1.5707963610234383,0.3,0.00023579568396021468,-0.7071067690849304,0.0,0.0,0.7071067932881644,5.1531147802811175,42.36550588219407,0.6822615153841628,1.2101617157933039e-08,1.2101617000923795e-08,0.7071067811865476,0.7071067811865474
147,14.7,4.402967453010973,5.153113842016408,42.785518546989024,-0.39773747133687615,-0.5577586816497195,-1.5707963610234383,0.3,0.00023484201640728525,-0.7071067690849304,0.0,0.0,0.7071067932881644,5.1531138266135645,42.33551854698902,0.682262528663124,1.2101617157933039e-08,1.2101617000923795e-08,0.7071067811865476,0.7071067811865474
148,14.8,4.432973861703388,5.153143405926326,42.75551213829661,-0.3977289329715121,-0.5577586816497195,-1.5707963610234383,0.3,0.00026440592632565653,-0.7071067690849304,0.0,0.0,0.7071067932881644,5.153143390523483,42.305512138296606,0.682271067028488,1.2101617157933039e-08,1.2101617000923795e-08,0.7071067811865476,0.7071067811865474
149,14.9,4.462995529183317,5.153127670291142,42.72549047081668,-0.39772991644815087,-0.5577586816497195,-1.5707963610234383,0.3,0.00024867029114145495,-0.7071067690849304,0.0,0.0,0.7071067932881644,5.153127654888299,42.27549047081668,0.6822700835518493,1.2101617157933039e-08,1.2101617000923795e-08,0.7071067811865476,0.7071067811865474
150,15.0,4.492975234993864,5.153127670283615,42.695510765006134,-0.3977095465607989,-0.5577586816497195,-1.5707963610234383,0.3,0.000248670283614141,-0.7071067690849304,0.0,0.0,0.7071067932881644,5.153127654880771,42.24551076500613,0.6822904534392012,1.2101617157933039e-08,1.2101617000923795e-08,0.7071067811865476,0.7071067811865474
151,15.1,4.522947311410178,5.153136253345196,42.66553868858982,-0.3977368156857836,-0.5577586816497195,-1.5707963610234383,0.3,0.00025725334519560776,-0.7071067690849304,0.0,0.0,0.7071067932881644,5.153136237942353,42.21553868858982,0.6822631843142165,1.2101617157933039e-08,1.2101617000923795e-08,0.7071067811865476,0.7071067811865474
152,15.2,4.552923202523601,5.153140544901326,42.635562797476396,-0.39774912404492974,-0.5577586816497195,-1.5707963610234383,0.3,0.00026154490132562644,-0.7071067690849304,0.0,0.0,0.7071067932881644,5.153140529498483,42.18556279747639,0.6822508759550704,1.2101617157933039e-08,1.2101617000923795e-08,0.7071067811865476,0.7071067811865474
153,15.3,4.582956314095853,5.153140068054813,42.605529685904145,-0.397733924860512,-0.5577586816497195,-1.5707963610234383,0.3,0.0002610680548122382,-0.7071067690849304,0.0,0.0,0.7071067932881644,5.1531400526519695,42.15552968590414,0.6822660751394881,1.2101617157933039e-08,1.2101617000923795e-08,0.7071067811865476,0.7071067811865474
154,15.4,4.612958908090533,5.153155803672723,42.575527091909464,-0.39771731006578087,-0.5577586816497195,-1.5707963610234383,0.3,0.000276803672722254,-0.7071067690849304,0.0,0.0,0.7071067932881644,5.1531557882698795,42.12552709190946,0.6822826899342193,1.2101617157933039e-08,1.2101617000923795e-08,0.7071067811865476,0.7071067811865474
155,15.5,4.642927169809198,5.153153419508899,42.5455588301908,-0.3977538179107058,-0.5577586816497195,-1.5707963610234383,0.3,0.00027441950889855343,-0.7071067690849304,0.0,0.0,0.7071067932881644,5.153153404106056,42.0955588301908,0.6822461820892943,1.2101617157933039e-08,1.2101617000923795e-08,0.7071067811865476,0.7071067811865474
156,15.6,4.672948837289539,5.15314960480267,42.51553716271046,-0.39773697959855675,-0.5577586816497195,-1.5707963610234383,0.3,0.00027060480266942997,-0.7071067690849304,0.0,0.0,0.7071067932881644,5.153149589399827,42.065537162710456,0.6822630204014434,1.2101617157933039e-08,1.2101617000923795e-08,0.7071067811865476,0.7071067811865474
157,15.7,4.7029476165863,5.153146266934383,42.4855383834137,-0.3977295588202822,-0.5577586816497195,-1.5707963610234383,0.3,0.000267266934381883,-0.7071067690849304,0.0,0.0,0.7071067932881644,5.153146251531539,42.035538383413694,0.6822704411797179,1.2101617157933039e-08,1.2101617000923795e-08,0.7071067811865476,0.7071067811865474
158,15.8,4.7329578399750005,5.153147220600126,42.455528160025,-0.3977288882680285,-0.5577586816497195,-1.5707963610234383,0.3,0.0002682206001255893,-0.7071067690849304,0.0,0.0,0.7071067932881644,5.153147205197283,42.005528160024994,0.6822711117319716,1.2101617157933039e-08,1.2101617000923795e-08,0.7071067811865476,0.7071067811865474
159,15.9,4.762887954721762,5.1531667709468865,42.425598045278235,-0.39774448978379845,-0.5577586816497195,-1.5707963610234383,0.3,0.0002877709468857429,-0.7071067690849304,0.0,0.0,0.7071067932881644,5.153166755544043,41.97559804527823,0.6822555102162017,1.2101617157933039e-08,1.2101617000923795e-08,0.7071067811865476,0.7071067811865474
160,16.0,4.792856216440498,5.153166294102593,42.3956297835595,-0.39771029161885857,-0.5577586816497195,-1.5707963610234383,0.3,0.0002872941025919125,-0.7071067690849304,0.0,0.0,0.7071067932881644,5.153166278699749,41.9456297835595,0.6822897083811416,1.2101617157933039e-08,1.2101617000923795e-08,0.7071067811865476,0.7071067811865474
161,16.1,4.82287406922395,5.153173446651133,42.36561193077605,-0.3977291713900912,-0.5577586816497195,-1.5707963610234383,0.3,0.00029444665113202316,-0.7071067690849304,0.0,0.0,0.7071067932881644,5.153173431248289,41.915611930776045,0.682270828609909,1.2101617157933039e-08,1.2101617000923795e-08,0.7071067811865476,0.7071067811865474
162,16.2,4.852880477915733,5.153184413897329,42.335605522084265,-0.39775293874219536,-0.5577586816497195,-1.5707963610234383,0.3,0.0003054138973285573,-0.7071067690849304,0.0,0.0,0.7071067932881644,5.153184398494486,41.88560552208426,0.6822470612578048,1.2101617157933039e-08,1.2101617000923795e-08,0.7071067811865476,0.7071067811865474
163,16.3,4.882860183726393,5.153187751779013,42.305625816273604,-0.3977402578540194,-0.5577586816497195,-1.5707963610234383,0.3,0.00030875177901249574,-0.7071067690849304,0.0,0.0,0.7071067932881644,5.15318773637617,41.8556258162736,0.6822597421459807,1.2101617157933039e-08,1.2101617000923795e-08,0.7071067811865476,0.7071067811865474
164,16.4,4.912866592417863,5.153189659119205,42.275619407582134,-0.3977397065110552,-0.5577586816497195,-1.5707963610234383,0.3,0.0003106591192040587,-0.7071067690849304,0.0,0.0,0.7071067932881644,5.153189643716361,41.82561940758213,0.6822602934889449,1.2101617157933039e-08,1.2101617000923795e-08,0.7071067811865476,0.7071067811865474
165,16.5,4.942895889292927,5.153191566458612,42.24559011070707,-0.39773136186078667,-0.5577586816497195,-1.5707963610234383,0.3,0.0003125664586113601,-0.7071067690849304,0.0,0.0,0.7071067932881644,5.153191551055769,41.79559011070707,0.6822686381392135,1.2101617157933039e-08,1.2101617000923795e-08,0.7071067811865476,0.7071067811865474
166,16.6,4.9728984832873095,5.153198719036778,42.21558751671269,-0.3977448921151507,-0.5577586816497195,-1.5707963610234383,0.3,0.00031971903677755013,-0.7071067690849304,0.0,0.0,0.7071067932881644,5.153198703633935,41.765587516712685,0.6822551078848494,1.2101617157933039e-08,1.2101617000923795e-08,0.7071067811865476,0.7071067811865474
167,16.7,5.002855300914675,5.153210639958989,42.18563069908532,-0.3977225254721987,-0.5577586816497195,-1.5707963610234383,0.3,0.00033163995898868767,-0.7071067690849304,0.0,0.0,0.7071067932881644,5.153210624556146,41.73563069908532,0.6822774745278014,1.2101617157933039e-08,1.2101617000923795e-08,0.7071067811865476,0.7071067811865474
